from,arrowID,to
actions_accueil,flèche@actions_accueil,accueil
actions_accueil_-_2,flèche@actions_accueil_-_2,accueil
faire_actions_accueil,flèche@faire_actions_accueil,actions_accueil_-_2
faire_actions_accueil_-_2,flèche@faire_actions_accueil_-_2,actions_-_2
penser_actions_accueil,flèche@penser_actions_accueil,actions_accueil_-_2
penser_actions_accueil_-_2,flèche@penser_actions_accueil_-_2,actions_accueil_-_2
lieu_actions_accueil,flèche@lieu_actions_accueil,actions_accueil_-_2
lieu_actions_accueil_-_2,flèche@lieu_actions_accueil_-_2,actions_accueil_-_2
émotion_actions_accueil,flèche@émotion_actions_accueil,actions_accueil_-_2
émotion_actions_accueil_-_2,flèche@émotion_actions_accueil_-_2,actions_accueil_-_2
a-z_verbes_actions_accueil,flèche@a-z_verbes_actions_accueil,actions_accueil_-_2
a-z_verbes_actions_accueil_-_2,flèche@a-z_verbes_actions_accueil_-_2,actions_accueil_-_2
o_verbes_actions_accueil,flèche@o_verbes_actions_accueil,a-z_verbes_actions_accueil
c_verbes_actions_accueil,flèche@c_verbes_actions_accueil,a-z_verbes_actions_accueil
c_verbes_actions_accueil_-_2,flèche@c_verbes_actions_accueil_-_2,a-z_verbes_actions_accueil
c_verbes_actions_accueil_-_3,flèche@ c_verbes_actions_accueil_-_3,a-z_verbes_actions_accueil
h_verbes_actions_accueil,flèche@h_verbes_actions_accueil,a-z_verbes_actions_accueil
h_verbes_actions_accueil,flèche@h_verbes_actions_accueil,a-z_verbes_actions_accueil
p_verbes_actions_accueil_-_2,flèche@p_verbes_actions_accueil_-_2,a-z_verbes_actions_accueil
p_verbes_actions_accueil_-_3,flèche@ p_verbes_actions_accueil_-_ 3,a-z_verbes_actions_accueil
d_verbes_actions_accueil,flèche@d_verbes_actions_accueil,a-z_verbes_actions_accueil
d_verbes_actions_accueil_-_2,flèche@d_verbes_actions_accueil_-_2,a-z_verbes_actions_accueil
d_verbes_actions_accueil_-_3,flèche@d_verbes_actions_accueil_-_3,a-z_verbes_actions_accueil
i_verbes_actions_accueil,flèche@i_verbes_actions_accueil,a-z_verbes_actions_accueil
q_verbes_actions_accueil,flèche@q_verbes_actions_accueil,a-z_verbes_actions_accueil
e_verbes_actions_accueil,flèche@e_verbes_actions_accueil,a-z_verbes_actions_accueil
e_verbes_actions_accueil_-_2,flèche@e_verbes_actions_accueil_-_2,a-z_verbes_actions_accueil
e_verbes_actions_accueil_-_3,flèche@e_verbes_actions_accueil_-_3,a-z_verbes_actions_accueil
j_verbes_actions_accueil,flèche@j_verbes_actions_accueil,a-z_verbes_actions_accueil
r_verbes_actions_accueil,flèche@r_verbes_actions_accueil,a-z_verbes_actions_accueil
r_verbes_actions_accueil_-_2,flèche@r_verbes_actions_accueil_-_2,a-z_verbes_actions_accueil
r_verbes_actions_accueil_-_3,flèche@r_verbes_actions_accueil_-_ 3,a-z_verbes_actions_accueil
f_verbes_actions_accueil,flèche@f_verbes_actions_accueil,a-z_verbes_actions_accueil
k_verbes_actions_accueil,flèche@k_verbes_actions_accueil,a-z_verbes_actions_accueil
s_verbes_actions_accueil,flèche@s_verbes_actions_accueil,a-z_verbes_actions_accueil
s_verbes_actions_accueil_-_2,flèche@s_verbes_actions_accueil_-_2,a-z_verbes_actions_accueil
s_verbes_actions_accueil_-_3,flèche@s_verbes_actions_accueil_-_3,a-z_verbes_actions_accueil
a_verbes_actions_accueil,flèche@a_verbes_actions_accueil,a-z_verbes_actions_accueil
a_verbes_actions_accueil_-_2,flèche@o_verbes_actions_accueil_-_2,a-z_verbes_actions_accueil
g_verbes_actions_accueil,flèche@g_verbes_actions_accueil,a-z_verbes_actions_accueil
l_verbes_actions_accueil,flèche@l_verbes_actions_accueil,a-z_verbes_actions_accueil
t_verbes_actions_accueil,flèche@t_verbes_actions_accueil,a-z_verbes_actions_accueil
t_verbes_actions_accueil_-_2,flèche@t_verbes_actions_accueil,a-z_verbes_actions_accueil
b_verbes_actions_accueil,flèche@b_verbes_actions_accueil,a-z_verbes_actions_accueil
m_verbes_actions_accueil,flèche@m_verbes_actions_accueil,a-z_verbes_actions_accueil
m_verbes_actions_accueil_-_2,flèche@m_verbes_actions_accueil_-_2,a-z_verbes_actions_accueil
u_verbes_actions_accueil,flèche@u_verbes_actions_accueil,a-z_verbes_actions_accueil
n_verbes_actions_accueil,flèche@n_verbes_actions_accueil,a-z_verbes_actions_accueil
v_verbes_actions_accueil,flèche@v_verbes_actions_accueil,a-z_verbes_actions_accueil
w_verbes_actions_accueil,flèche@w_verbes_actions_accueil,a-z_verbes_actions_accueil
x_verbes_actions_accueil,flèche@x_verbes_actions_accueil,a-z_verbes_actions_accueil
y_verbes_actions_accueil,flèche@y_verbes_actions_accueil,a-z_verbes_actions_accueil
z_verbes_actions_accueil,flèche@z_verbes_actions_accueil,a-z_verbes_actions_accueil
sentir_actions_accueil,flèche@sentir_actions_accueil,actions_accueil_-_2
raconter_actions_accueil,flèche@raconter_actions_accueil,actions_accueil_-_2
pays_lieux_indices_accueil_-_6,flèche@pays_lieux_indices_accueil_-_6,lieux_indices_accueil_-_2
pays_lieux_indices_accueil_-_7,flèche@pays_lieux_indices_accueil_-_7,lieux_indices_accueil_-_2
maison_lieux_indices_accueil,flèche@maison_lieux_indices_accueil,lieux_indices_accueil_-_2
maison_lieux_indices_accueil_-_2,flèche@maison_lieux_indices_accueil_-_2,lieux_indices_accueil_-_2
provinces_du_canada_lieux_indices_accueil,flèche@provinces_du_canada_lieux_indices_accueil,lieux_indices_accueil_-_2
lieux_extérieurs_lieux_indices_accueil,flèche@lieux_extérieurs_lieux_indices_accueil,lieux_indices_accueil_-_2
lieux_extérieurs_lieux_indices_accueil_-_2,flèche@lieux_extérieurs_lieux_indices_accueil_-_2,lieux_indices_accueil_-_2
restaurants_lieux_indices_accueil,flèche@restaurants_lieux_indices_accueil,lieux_indices_accueil_-_2
restaurants_lieux_indices_accueil_-_2,flèche@restaurants_lieux_indices_accueil_-_2,lieux_indices_accueil_-_2
lieux_de_l'école_lieux_indices_accueil,flèche@lieux_de_l'école_lieux_indices_accueil,lieux_indices_accueil_-_2
lieux_de_l'école_lieux_indices_accueil_-_2,flèche@lieux_de_l'école_lieux_indices_accueil_-_2,lieux_indices_accueil_-_2
événements_spéciaux_lieux_indices_accueil,flèche@événements_spéciaux_lieux_indices_accueil,lieux_indices_accueil_-_2
événements_spéciaux_lieux_indices_accueil_-_2,flèche@événements_spéciaux_lieux_indices_accueil_-_2,lieux_indices_accueil_-_2
vacances_lieux_indices_accueil,flèche@vacances_lieux_indices_accueil,événements_spéciaux_lieux_indices_accueil
vacances_lieux_indices_accueil_-_2,flèche@vacances_lieux_indices_accueil_-_2,événements_spéciaux_lieux_indices_accueil
choses_de_vacances_lieux_indices_accueil,flèche@choses_de_vacances_lieux_indices_accueil,vacances_lieux_indices_accueil
choses_de_vacances_lieux_indices_accueil_-_2,flèche@choses_de_vacances_lieux_indices_accueil_-_2,vacances_lieux_indices_accueil
parties_d'immeubles_lieux_indices_accueil,flèche@parties_d'immeubles_lieux_indices_accueil,lieux_indices_accueil_-_2
parties_d'immeubles_lieux_indices_accueil_-_2,flèche@parties_d'immeubles_lieux_indices_accueil_-_2,lieux_indices_accueil_-_2
magasins_lieux_indices_accueil,flèche@magasins_lieux_indices_accueil,lieux_indices_accueil_-_2
magasins_lieux_indices_accueil_-_2,flèche@magasins_lieux_indices_accueil_-_2,lieux_indices_accueil_-_2
lieux_publics_lieux_indices_accueil,flèche@lieux_publics_lieux_indices_accueil,lieux_indices_accueil_-_2
lieux_publics_lieux_indices_accueil_-_2,flèche@lieux_publics_lieux_indices_accueil_-_2,lieux_indices_accueil_-_2
lieux_publics_lieux_indices_accueil_-_3,flèche@lieux_publics_lieux_indices_accueil_-_3,lieux_indices_accueil_-_2
travail_lieux_indices_accueil,flèche@travail_lieux_indices_accueil,lieux_indices_accueil_-_2
raconter_actions_accueil_-_2,flèche@raconter_actions_accueil_-_2,actions_accueil_-_2
objet_actions_accueil,flèche@objet_actions_accueil,actions_accueil_-_2
objet_actions_accueil_-_2,flèche@objet_actions_accueil_-_2,actions_accueil_-_2
objet_actions_accueil_-_ 3,flèche@objet_actions_accueil_-_3,actions_accueil_-_2
objet_actions_accueil_-_4,flèche@objet_actions_accueil_-_4,actions_accueil_-_2
corps_actions_accueil,flèche@corps_actions_accueil,actions_accueil_-_2
corps_actions_accueil_-_2,flèche@corps_actions_accueil_-_2,actions_accueil_-_2
avoir_actions_accueil,flèche@avoir_actions_accueil,actions_accueil_-_2
avoir_actions_accueil_-_2,flèche@avoir_actions_accueil_-_2,actions_accueil_-_2
aide_accueil,flèche@aide_accueil,accueil
aide_accueil_-_2,flèche@aide_accueil_-_2,accueil
il_y_a_un_problème_aide_accueil,flèche@il_y_a_un_problème_aide_accueil,aide_accueil
il_y_a_un_problème_aide_accueil_-_2,flèche@il_y_a_un_problème_aide_accueil_-_2,aide_accueil
corps_humain_il_y_a_un_problème_aide_accueil,flèche@corps_humain_il_y_a_un_problème_aide_accueil,il_y_a_un_problème_aide_accueil
corps_humain_il_y_a_un_problème_aide_accueil_-_2,flèche@corps_humain_il_y_a_un_problème_aide_accueil_-_2,il_y_a_un_problème_aide_accueil
médical_il_y_a_un_problème_aide_accueil,flèche@médical_il_y_a_un_problème_aide_accueil,il_y_a_un_problème_aide_accueil
médical_il_y_a_un_problème_aide_accueil_-_2,flèche@médical_il_y_a_un_problème_aide_accueil_-_2,il_y_a_un_problème_aide_accueil
corps_humain_aide_accueil,flèche@corps_humain_aide_accueil,aide_accueil
corps_humain_aide_accueil_-_2,flèche@corps_humain_aide_accueil_-_2,aide_accueil
produits_hygiéniques_aide_accueil,flèche@produits_hygiéniques_aide_accueil,aide_accueil
produits_hygiéniques_aide_accueil_-_2,flèche@produits_hygiéniques_aide_accueil_-_2,aide_accueil
soins_capillaires_aide_accueil,flèche@soins_capillaires_aide_accueil,produits_hygiéniques_aide_accueil_-_2
soins_capillaires_aide_accueil,flèche@soins_capillaires_aide_accueil,produits_hygiéniques_aide_accueil_-_2
maquillage_aide_accueil,flèche@maquillage_aide_accueil,produits_hygiéniques_aide_accueil_-_2
contacts_aide_accueil,flèche@contacts_aide_accueil,aide_accueil_-_2
personnes_accueil,flèche@personnes_accueil,accueil
famille_personnes_accueil,flèche@famille_personnes_accueil,personnes_accueil
famille_personnes_accueil_-_2,flèche@famille_personnes_accueil_-_2,personnes_accueil
amis_personnes_accueil,flèche@amis_personnes_accueil,personnes_accueil
amis_personnes_accueil_-_2,flèche@amis_personnes_accueil_-_2,personnes_accueil
professeurs_personnes_accueil,flèche@professeurs_personnes_accueil,personnes_accueil
contacts_personnes_accueil,flèche@contacts_personnes_accueil,personnes_accueil
pronoms_personnes_accueil,flèche@pronoms_personnes_accueil,personnes_accueil
santé_personnes_accueil,flèche@santé_personnes_accueil,personnes_accueil_-_2
santé_personnes_accueil_-_2,flèche@santé_personnes_accueil_-_2,personnes_accueil_-_2
professions_personnes_accueil,flèche@professions_personnes_accueil,personnes_accueil_-_2
professions_personnes_accueil_-_2,flèche@professions_personnes_accueil_-_2,personnes_accueil_-_2
professions_personnes_accueil_-_3,flèche@professions_personnes_accueil_-_3,personnes_accueil_-_2
professions_personnes_accueil_-_4,flèche@professions_personnes_accueil_-_4,personnes_accueil_-_2
chanteurs_et_musiciens_personnes_accueil,flèche@chanteurs_et_musiciens_personnes_accueil ,personnes_accueil_-_2
athlètes_personnes_accueil,flèche@athlètes_personnes_accueil,personnes_accueil_-_2
actualité_personnes_accueil,flèche@actualité_personnes_accueil,personnes_accueil_-_2
personnages_historiques_personnes_accueil,flèche@personnages_historiques_personnes_accueil,personnes_accueil_-_2
acteurs_personnes_accueil,flèche@acteurs_personnes_accueil,personnes_accueil_-_2
auteurs_personnes_accueil,flèche@auteurs_personnes_accueil,personnes_accueil_-_2
personnages_personnes_accueil,flèche@personnages_personnes_accueil,personnes_accueil_-_2
choses_accueil,flèche@choses_accueil,accueil
choses_accueil_-_2,flèche@choses_accueil_-_2,accueil
vêtements_choses_accueil,flèche@vêtements_choses_accueil,choses_accueil
vêtements_choses_accueil_-_2,flèche@vêtements_choses_accueil_-_2,choses_accueil
vêtements_choses_accueil_-_3,flèche@vêtements_choses_accueil_-_3,choses_accueil
accessoires_vêtements_choses_accueil,flèche@accessoires_vêtements_choses_accueil,vêtements_choses_accueil_-_2
accessoires_vêtements_choses_accueil_-_2,flèche@accessoires_vêtements_choses_accueil_-_2,vêtements_choses_accueil_-_2
chaussures_vêtements_choses_accueil,flèche@chaussures_vêtements_choses_accueil,vêtements_choses_accueil_-_2
chaussures_vêtements_choses_accueil_-_2,flèche@chaussures_vêtements_choses_accueil_-_2,vêtements_choses_accueil_-_2
ordinateurs_choses_accueil,flèche@ordinateurs_choses_accueil,choses_accueil
ordinateurs_choses_accueil_-_2,flèche@ordinateurs_choses_accueil_-_2,choses_accueil
produits_hygiéniques_choses_accueil,flèche@produits_hygiéniques_choses_accueil,choses_accueil
produits_hygiéniques_choses_accueil_-_2,flèche@produits_hygiéniques_choses_accueil_-_2,choses_accueil
soins_capillaires_choses_accueil,flèche@soins_capillaires_choses_accueil,produits_hygiéniques_choses_accueil_-_2
soins_capillaires_choses_accueil,flèche@soins_capillaires_choses_accueil,produits_hygiéniques_choses_accueil_-_2
maquillage_choses_accueil,flèche@maquillage_choses_accueil,produits_hygiéniques_choses_accueil_-_2
électronique_choses_accueil,flèche@électronique_choses_accueil,choses_accueil
électronique_choses_accueil_-_2,flèche@électronique_choses_accueil_-_2,choses_accueil
meubles_choses_accueil,flèche@meubles_choses_accueil,choses@accueil
meubles_choses_accueil_-_2,flèche@meubles_choses_accueil_-_2,choses@accueil
électro-ménagers_meubles_choses_accueil,flèche@électro-ménagers_meubles_choses_accueil,meubles_choses_accueil_-_2
électro-ménagers_meubles_choses_accueil_-_2,flèche@électro-ménagers_meubles_choses_accueil_-_2,meubles_choses_accueil_-_2
nature_choses_accueil,flèche@nature_choses_accueil,choses_accueil
nature_choses_accueil_-_2,flèche@nature_choses_accueil_-_2,choses_accueil
animaux_choses_accueil,flèche@animaux_choses_accueil,choses_accueil
animaux_choses_accueil_-_2,flèche@animaux_choses_accueil_-_2,choses_accueil
animaux_choses_accueil_-_3,flèche@animaux_choses_accueil_-_3,choses_accueil
animaux_domestiques_choses_accueil,flèche@animaux_domestiques_choses_accueil,animaux_choses_accueil_-_2
animaux_domestiques_choses_accueil_-_2,flèche@animaux_domestiques_choses_accueil_-_2,animaux_choses_accueil_-_2
animaux_de_la_ferme_choses_accueil,flèche@animaux_de_la_ferme_choses_accueil,animaux_choses_accueil_-_2
animaux_de_la_ferme_choses_accueil_-_2,flèche@animaux_de_la_ferme_choses_accueil_-_2,animaux_choses_accueil_-_2
animaux_sauvages_choses_accueil,flèche@animaux_sauvages_choses_accueil,animaux_choses_accueil_-_2
animaux_sauvages_choses_accueil_-_2,flèche@animaux_sauvages_choses_accueil_-_2,animaux_choses_accueil_-_2
animaux_sauvages_choses_accueil_-_ 3,flèche@animaux_sauvages_choses_accueil_-_3,animaux_choses_accueil_-_2
animaux_sauvages_choses_accueil_-_4,flèche@animaux_sauvages_choses_accueil_-_4,animaux_choses_accueil_-_2
insectes_choses_accueil,flèche@insectes_choses_accueil,animaux_choses_accueil_-_2
insectes_choses_accueil_-_2,flèche@insectes_choses_accueil_-_2,animaux_choses_accueil_-_2
animaux_marins_choses_accueil,flèche@animaux_marins_choses_accueil,animaux_choses_accueil_-_2
animaux_marins_choses_accueil_-_2,flèche@animaux_marins_choses_accueil_-_2,animaux_choses_accueil_-_2
matériel_d'art_plastique_choses_accueil,flèche@matériel_d'art_plastique_choses_accueil ,choses_accueil
matériel_d'art_plastique_choses_accueil_-_2,flèche@matériel_d'art_plastique_choses_accueil_-_2,choses_accueil
véhicules_choses_accueil,flèches@véhicules_choses_accueil,choses_accueil
véhicules_choses_accueil_-_2,flèches@véhicules_choses_accueil_-_2,choses_accueil
événements_spéciaux_choses_accueil,flèche@événements_spéciaux_choses_accueil,choses_accueil
événements_spéciaux_choses_accueil_-_2,flèche@événements_spéciaux_choses_accueil_-_2,choses_accueil
vacances_choses_accueil,flèche@vacances_choses_accueil,événements_spéciaux_choses_accueil
vacances_choses_accueil_-_2,flèche@vacances_choses_accueil_-_2,événements_spéciaux_choses_accueil
choses_de_vacances_choses_accueil,flèche@choses_de_vacances_choses_accueil,vacances_choses_accueil
choses_de_vacances_choses_accueil_-_2,flèche@choses_de_vacances_choses_accueil_-_2,vacances_choses_accueil
nourriture_choses_accueil,flèche@nourriture_choses_accueil,choses_accueil
nourriture_choses_accueil_-_2,flèche@nourriture_choses_accueil_-_2,choses_accueil
déjeuner_choses_accueil,flèche@déjeuner_choses_accueil,nourriture_choses_accueil_-_2
déjeuner_choses_accueil_-_2,flèche@déjeuner_choses_accueil_-_2,nourriture_choses_accueil_-_2
bonbons_choses_accueil,flèche@bonbons_choses_accueil,nourriture_choses_accueil_-_2
bonbons_choses_accueil_-_2,flèche@bonbons_choses_accueil_-_2,nourriture_choses_accueil_-_2
dîner_choses_accueil,flèche@dîner_choses_accueil,nourriture_choses_accueil_-_2
dîner_choses_accueil_-_2,flèche@dîner_choses_accueil_-_2,nourriture_choses_accueil_-_2
ustensiles_choses_accueil,flèche@ustensiles_choses_accueil,nourriture_choses_accueil_-_2
ustensiles_choses_accueil_-_2,flèche@ustensiles_choses_accueil_-_2,nourriture_choses_accueil_-_2
casse-croûte_choses_accueil,flèche@casse-croûte_choses_accueil,nourriture_choses_accueil_-_2
casse-croûte_choses_accueil_-_2,flèche@casse-croûte_choses_accueil_-_2,nourriture_choses_accueil_-_2
casse-croûte_choses_accueil_-_3,flèche@casse-croûte_choses_accueil_-_3,nourriture_choses_accueil_-_2
batterie_de_cuisine_choses_accueil,flèche@batterie_de_cuisine_choses_accueil,nourriture_choses_accueil_-_2
batterie_de_cuisine_choses_accueil_-_2,flèche@batterie_de_cuisine_choses_accueil_-_ 2,nourriture_choses_accueil_-_2
batterie_de_cuisine_choses_accueil_-_ 3,flèche@batterie_de_cuisine_choses_accueil_-_ 3,nourriture_choses_accueil_-_2
souper_choses_accueil,flèche@souper_choses_accueil,nourriture_choses_accueil_-_2
souper_choses_accueil_-_2,flèche@souper_choses_accueil_-_2,nourriture_choses_accueil_-_2
souper_choses_accueil_-_3,flèche@souper_choses_accueil_-_3,nourriture_choses_accueil_-_2
ingrédients_choses_accueil,flèche@ingrédients_choses_accueil,nourriture_choses_accueil_-_2
ingrédients_choses_accueil_-_2,flèche@ingrédients_choses_accueil_-_2,nourriture_choses_accueil_-_2
ingrédients_choses_accueil_-_3,flèche@ingrédients_choses_accueil_-_3,nourriture_choses_accueil_-_2
breuvages_choses_accueil,flèche@breuvages_choses_accueil,nourriture_choses_accueil_-_2
breuvages_choses_accueil_-_2,flèche@breuvages_choses_accueil_-_2,nourriture_choses_accueil_-_2
condiments_choses_accueil,flèche@condiments_choses_accueil,nourriture_choses_accueil_-_2
condiments_choses_accueil_-_2,flèche@condiments_choses_accueil_-_2,nourriture_choses_accueil_-_2
desserts_choses_accueil,flèche@desserts_choses_accueil,nourriture_choses_accueil_-_2
desserts_choses_accueil_-_2,flèche@desserts_choses_accueil_-_2,nourriture_choses_accueil_-_2
viandes_choses_accueil,flèche@viandes_choses_accueil,nourriture_choses_accueil_-_2
fruits_choses_accueil,flèche@fruits_choses_accueil,nourriture_choses_accueil_-_2
fruits_choses_accueil_-_2,flèche@fruits_choses_accueil_-_2,nourriture_choses_accueil_-_2
accompagnements_choses_accueil,flèche@accompagnements_choses_accueil,nourriture_choses_accueil_-_2
accompagnements_choses_accueil_-_2,flèche@accompagnements_choses_accueil_-_2,nourriture_choses_accueil_-_2
légumes_choses_accueil,flèche@légumes_choses_accueil,nourriture_choses_accueil_-_2
légumes_choses_accueil_-_2,flèche@légumes_choses_accueil_-_2,nourriture_choses_accueil_-_2
adaptation_choses_accueil,flèche@adaptation_choses_accueil,choses_accueil_-_2
adaptation_choses_accueil_-_2,flèche@adaptation_choses_accueil_-_2,choses_accueil_-_2
médical_choses_accueil,flèche@médical_choses_accueil,choses_accueil_-_2
médical_choses_accueil_-_2,flèche@médical_choses_accueil_-_2,choses_accueil_-_2
outils_choses_accueil,flèche@outils_choses_accueil,choses_accueil_-_2
outils_choses_accueil_-_2,flèche@outils_choses_accueil_-_2,choses_accueil_-_2
électro-ménagers_choses_accueil,flèche@électro-ménagers_choses_accueil,choses_accueil_-_2
électro-ménagers_choses_accueil_-_2,flèche@électro-ménagers_choses_accueil_-_2,choses_accueil_-_2
argent_choses_accueil,flèche@argent_choses_accueil,choses_accueil_-_2
argent_choses_accueil_-_2,flèche@argent_choses_accueil_-_2,choses_accueil_-_2
argent_choses_accueil_-_3,flèche@argent_choses_accueil_-_3,choses_accueil_-_2
nombres_argent_choses_accueil,flèche@nombres_argent_choses_accueil,argent_choses_accueil
nombres_argent_choses_accueil_-_2,flèche@nombres_argent_choses_accueil_-_2,argent_choses_accueil
ponctuation_nombres_argent_accueil,flèche@ponctuation_nombres_argent_accueil,nombres_argent_choses_accueil
ponctuation_nombres_argent_choses_accueil_-_2,flèche@ponctuation_nombres_argent_choses_accueil_-_2,nombres_argent_choses_accueil
jouets_choses_accueil,flèche@jouets_choses_accueil,choses_accueil_-_2
jouets_choses_accueil_-_2,flèche@jouets_choses_accueil_-_2,choses_accueil_-_2
produits_de_nettoyage_choses_accueil,flèche@produits_de_nettoyage_choses_accueil,choses_accueil_-_2
produits_de_nettoyage_choses_accueil_-_2,flèche@produits_de_nettoyage_choses_accueil_-_2,choses_accueil_-_2
musique_choses_accueil,flèche@musique_choses_accueil,choses_accueil_-_2
musique_choses_accueil_-_2,flèche@musique_choses_accueil_-_2,choses_accueil_-_2
choses_de_printemps_choses_accueil,flèche@choses_de_printemps_choses_accueil,choses_accueil_-_2
films_choses_accueil,flèche@films_choses_accueil,choses_accueil_-_2
parties_d'immeubles_choses_accueil,flèche@parties_d'immeubles_choses_accueil,choses_accueil_-_2
parties_d'immeubles_choses_accueil_-_2,flèche@parties_d'immeubles_choses_accueil_-_2,choses_accueil_-_2
choses_d'été_choses_accueil,flèche@choses_d'été_choses_accueil,choses_accueil_-_2
jeux_de_société_choses_accueil,flèche@jeux_de_société_choses_accueil,choses_accueil_-_2
lecture_choses_accueil,flèche@lecture_choses_accueil,choses_accueil_-_2
lecture_choses_accueil_-_2,flèche@lecture_choses_accueil_-_2,choses_accueil_-_2
livres_lecture_choses_accueil,flèche@livres_lecture_choses_accueil,lecture_choses_accueil
livres_lecture_choses_accueil_-_2,flèche@livres_lecture_choses_accueil_-_2,lecture_choses_accueil
choses_d'automne_choses_accueil,flèche@choses_d'automne_choses_accueil,choses_accueil_-_2
choses_de_vacances_choses_accueil,flèche@choses_de_vacances_choses_accueil,choses_accueil_-_2
choses_de_vacances_choses_accueil_-_2,flèche@choses_de_vacances_choses_accueil_-_2,choses_accueil_-_2
fournitures_de_bureau_choses_accueil,flèche@fournitures_de_bureau_choses_accueil,choses_accueil_-_2
fournitures_de_bureau_choses_accueil_-_2,flèche@fournitures_de_bureau_choses_accueil_-_2,choses_accueil_-_2
choses_d'hiver_choses_accueil,flèche@choses_d'hiver_choses_accueil,choses_accueil_-_2
choses_d'hiver_choses_accueil_-_2,flèche@choses_d'hiver_choses_accueil_-_2,choses_accueil_-_2
dans_la_maison_choses_accueil,flèche@dans_la_maison_choses_accueil,choses_accueil_-_2
dans_la_maison_choses_accueil_-_2,flèche@dans_la_maison_choses_accueil_-_2,choses_accueil_-_2
lingerie_dans_la_maison_choses_accueil,flèche@lingerie_dans_la_maison_choses_accueil,dans_la_maison_choses_accueil_-_2
lingerie_dans_la_maison_choses_accueil_-_2,flèche@lingerie_dans_la_maison_choses_accueil_-_2,dans_la_maison_choses_accueil_-_2
sports_choses_accueil,flèche@sports_choses_accueil,choses_accueil_-_2
sports_choses_accueil_-_2,flèche@sports_choses_accueil_-_2,choses_accueil_-_2
hockey_sports_choses_accueil,flèche@hockey_sports_choses_accueil,sports_choses_accueil
hockey_sports_choses_accueil_-_2,flèche@hockey_sports_choses_accueil_-_2,sports_choses_accueil
baseball_sports_choses_accueil,flèche@baseball_sports_choses_accueil,sports_choses_accueil_-_2
baseball_sports_choses_accueil_-_2,flèche@baseball_sports_choses_accueil_-_2,sports_choses_accueil_-_2
basketball_sports_choses_accueil,flèche@basketball_sports_choses_accueil,sports_choses_accueil_-_2
basketball_sports_choses_accueil_-_2,flèche@basketball_sports_choses_accueil_-_2,sports_choses_accueil_-_2
bowling_sports_choses_accueil,flèche@bowling_sports_choses_accueil,sports_choses_accueil_-_2
football_américain_sports_choses_accueil,flèche@football_américain_sports_choses_accueil,sports_choses_accueil_-_2
football_américain_sports_choses_accueil_-_2,flèche@football_américain_sports_choses_accueil_-_2,sports_choses_accueil_-_2
soccer_sports_choses_accueil,flèche@soccer_sports_choses_accueil,sports_choses_accueil_-_2
soccer_sports_choses_accueil_-_2,flèche@soccer_sports_choses_accueil_-_2,choses_sports_choses_accueil_-_2
loisirs_choses_accueil,flèche@loisirs_choses_accueil,choses_accueil_-_2
loisirs_choses_accueil_-_2,flèche@loisirs_choses_accueil_-_2,choses_accueil_-_2
pensée_choses_accueil,flèche@pensée_choses_accueil,choses_accueil_-_2
pensée_choses_accueil_-_2,flèche@pensée_choses_accueil_-_2,choses_accueil_-_2
lieux_accueil,flèche@lieux_accueil,accueil
lieux_accueil_-_2,flèche@lieux_accueil_-_2,accueil
lieux_accueil_-_3,flèche@lieux_accueil_-_3,accueil
lieux_célèbres_lieux_accueil,flèche@lieux_célèbres_lieux_accueil,lieux_accueil_-_2
lieux_célèbres_lieux_accueil_-_2,flèche@lieux_célèbres_lieux_accueil_-_2,lieux_accueil_-_2
pays_lieux_accueil,flèche@pays_lieux_accueil,lieux_accueil_-_2
pays_lieux_accueil_-_2,flèche@pays_lieux_accueil_-_2,lieux_accueil_-_2
pays_lieux_accueil_-_3,flèche@pays_lieux_accueil_-_3,lieux_accueil_-_2
pays_lieux_accueil_-_4,flèche@pays_lieux_accueil_-_4,lieux_accueil_-_2
pays_lieux_accueil_-_5,flèche@pays_lieux_accueil_-_5,lieux_accueil_-_2
pays_lieux_accueil_-_6,flèche@pays_lieux_accueil_-_6,lieux_accueil_-_2
pays_lieux_accueil_-_7,flèche@pays_lieux_accueil_-_7,lieux_accueil_-_2
maison_lieux_accueil,flèche@maison_lieux_accueil,lieux_accueil_-_2
maison_lieux_accueil_-_2,flèche@maison_lieux_accueil_-_2,lieux_accueil_-_2
provinces_du_canada_lieux_accueil,flèche@provinces_du_canada_lieux_accueil,lieux_accueil_-_2
lieux_extérieurs_lieux_accueil,flèche@lieux_extérieurs_lieux_accueil,lieux_accueil_-_2
lieux_extérieurs_lieux_accueil_-_2,flèche@lieux_extérieurs_lieux_accueil_-_2,lieux_accueil_-_2
restaurants_lieux_accueil,flèche@restaurants_lieux_accueil,lieux_accueil_-_2
restaurants_lieux_accueil_-_2,flèche@restaurants_lieux_accueil_-_2,lieux_accueil_-_2
lieux_de_l'école_lieux_accueil,flèche@lieux_de_l'école_lieux_accueil,lieux_accueil_-_2
lieux_de_l'école_lieux_accueil_-_2,flèche@lieux_de_l'école_lieux_accueil_-_2,lieux_accueil_-_2
événements_spéciaux_lieux_accueil,flèche@événements_spéciaux_lieux_accueil,lieux_accueil_-_2
événements_spéciaux_lieux_accueil_-_2,flèche@événements_spéciaux_lieux_accueil_-_2,choses_accueil
vacances_lieux_accueil,flèche@vacances_lieux_accueil,événements_spéciaux_choses
vacances_lieux_accueil_-_2,flèche@vacances_lieux_accueil_-_2,événements_spéciaux_lieux_accueil
choses_de_vacances_lieux_accueil,flèche@choses_de_vacances_lieux_accueil,vacances_lieux_accueil
choses_de_vacances_lieux_accueil_-_2,flèche@choses_de_vacances_lieux_accueil_-_2,vacances_choses
parties_d'immeubles_lieux_accueil,flèche@parties_d'immeubles_lieux_accueil,parties_d'immeubles_choses
parties_d'immeubles_lieux_accueil_-_2,flèche@parties_d'immeubles_lieux_accueil_-_2,choses_accueil_-_2
magasins_lieux_accueil,flèche@magasins_lieux_accueil,lieux_accueil_-_2
magasins_lieux_accueil_-_2,flèche@magasins_lieux_accueil_-_2,lieux_accueil_-_2
lieux_publics_lieux_accueil,flèche@lieux_publics_lieux_accueil,lieux_accueil_-_2
lieux_publics_lieux_accueil_-_2,flèche@lieux_publics_lieux_accueil_-_2,lieux_accueil_-_2
lieux_publics_lieux_accueil_-_3,flèche@lieux_publics_lieux_accueil_-_3,lieux_accueil_-_2
travail_lieux_accueil,flèche@travail_lieux_accueil,lieux_accueil_-_2
mots_descriptifs_accueil,flèche@mots_descriptifs_accueil,accueil
émotions_mots_descriptifs_accueil,flèche@émotions_mots_descriptifs_accueil,mots_descriptifs_accueil
émotions_mots_descriptifs_accueil_-_2,flèche@émotions_mots_descriptifs_accueil_-_2,mots_descriptifs_accueil
positif_mots_descriptifs_accueil,flèche@positif_mots_descriptifs_accueil,mots_descriptifs_accueil_-_2
positif_mots_descriptifs_accueil_-_2,flèche@positif_mots_descriptifs_accueil_-_2,mots_descriptifs_accueil_-_2
quantités_mots_descriptifs_accueil,flèche@quantités_mots_descriptifs_accueil,mots_descriptifs_accueil_-_2
quantités_mots_descriptifs_accueil_-_2,flèche@quantités_mots_descriptifs_accueil_-_2,mots_descriptifs_accueil_-_2
nombres_mots_descriptifs_accueil,flèche@nombres_mots_descriptifs_accueil,quantités_mots_descriptifs_accueil
nombres_mots_descriptifs_accueil_-_2,flèche@nombres_mots_descriptifs_accueil_-_2,quantités_mots_descriptifs_accueil
ponctuation_mots_descriptifs_accueil,flèche@ponctuation_mots_descriptifs_accueil,nombres_mots_descriptifs_accueil
ponctuation_mots_descriptifs_accueil_-_2,flèche@ponctuation_mots_descriptifs_accueil_-_2,nombres_mots_descriptifs_accueil
négatif_mots_descriptifs_accueil,flèche@négatif_mots_descriptifs_accueil,mots_descriptifs_accueil_-_2
négatif_mots_descriptifs_accueil_-_2,flèche@négatif_mots_descriptifs_accueil_-_2,mots_descriptifs_accueil_-_2
contraires_mots_descriptifs_accueil,flèche@contraires_mots_descriptifs_accueil,mots_descriptifs_accueil_-_2
apparence_mots_descriptifs_accueil,flèche@apparence_mots_descriptifs_accueil,mots_descriptifs_accueil_-_2
apparence_mots_descriptifs_accueil_-_2,flèche@apparence_mots_descriptifs_accueil_-_2,mots_descriptifs_accueil_-_2
météo_mots_descriptifs_accueil,flèche@météo_mots_descriptifs_accueil,mots_descriptifs_accueil_-_2
météo_mots_descriptifs_accueil_-_2,flèche@météo_mots_descriptifs_accueil_-_2,mots_descriptifs_accueil_-_2
sons_mots_descriptifs_accueil,flèche@sons_mots_descriptifs_accueil,mots_descriptifs_accueil_-_2
acheter_mots_descriptifs_accueil,flèche@acheter_mots_descriptifs_accueil,mots_descriptifs_accueil_-_2
nombres_acheter_mots_descriptifs_accueil,flèche@nombres_acheter_mots_descriptifs_accueil,acheter_mots_descriptifs_accueil
nombres_acheter_mots_descriptifs_accueil_-_2,flèche@nombres_acheter_mots_descriptifs_accueil_-_2,acheter_mots_descriptifs_accueil
ponctuation_acheter_mots_descriptifs_accueil,flèche@ponctuation_acheter_mots_descriptifs_accueil,nombres_acheter_mots_descriptifs_accueil
ponctuation_acheter_mots_descriptifs_accueil_-_2,flèche@ponctuation_acheter_mots_descriptifs_accueil_-_2,nombres_acheter_mots_descriptifs_accueil
argent_acheter_mots_descriptifs_accueil,flèche@argent_acheter_mots_descriptifs_accueil,acheter_mots_descriptifs_accueil
argent_acheter_mots_descriptifs_accueil_-_2,flèche@argent_acheter_mots_descriptifs_accueil_-_2,acheter_mots_descriptifs_accueil
argent_acheter_mots_descriptifs_accueil_-_3,flèche@argent_acheter_mots_descriptifs_accueil_-_3,acheter_mots_descriptifs_accueil
nombres_argent_acheter_mots_descriptifs_accueil,flèche@nombres_argent_acheter_mots_descriptifs_accueil,argent_acheter_mots_descriptifs_accueil
nombres_argent_acheter_mots_descriptifs_accueil_-_2,flèche@nombres_argent_acheter_mots_descriptifs_accueil_-_2,argent_acheter_mots_descriptifs_accueil
ponctuation_nombres_argent_acheter_mots_descriptifs_accueil,flèche@ponctuation_nombres_argent_acheter_mots_descriptifs_accueil,nombres_argent_acheter_mots_descriptifs_accueil
ponctuation_nombres_argent_acheter_mots_descriptifs_accueil_-_2,flèche@ponctuation_nombres_argent_acheter_mots_descriptifs_accueil_-_2,nombres_argent_acheter_mots_descriptifs_accueil
taille_et_vitesse_acheter_mots_descriptifs_accueil,flèche@taille_et_vitesse_acheter_mots_descriptifs_accueil,acheter_mots_descriptifs
taille_et_vitesse_acheter_mots_descriptifs_accueil_-_2,flèche@taille_et_vitesse_acheter_mots_descriptifs_accueil_-_2,acheter_mots_descriptifs
odeurs_mots_descriptifs_accueil,flèche@odeurs_mots_descriptifs_accueil,mots_descriptifs_accueil_-_2
abstrait_mots_descriptifs_accueil,flèche@abstrait_mots_descriptifs_accueil,mots_descriptifs_accueil_-_2
goût_mots_descriptifs_accueil,flèche@goût_mots_descriptifs_accueil,mots_descriptifs_accueil_-_2
goût_mots_descriptifs_accueil_-_2,flèche@goût_mots_descriptifs_accueil_-2,mots_descriptifs_accueil_-_2
formes_mots_descriptifs_accueil,flèche@formes_mots_descriptifs_accueil,mots_descriptifs_accueil_-_2
sensations_mots_descriptifs_accueil,flèche@sensations_mots_descriptifs_accueil,mots_descriptifs_accueil_-_2
a-z_adjectifs_mots_descriptifs_accueil,flèche@a-z_adjectifs_mots_descriptifs_accueil,mots_descriptifs_accueil_-_2
a-z_adjectifs_mots_descriptifs_accueil_-_2,flèche@a-z_adjectifs_mots_descriptifs_accueil_-2,mots_descriptifs_accueil_-_2
g_adjectifs_mots_descriptifs_accueil,flèche@g_adjectifs_mots_descriptifs_accueil,a-z_adjectifs_mots_descriptifs_accueil
o_adjectifs_mots_descriptifs_accueil,flèche@o_adjectifs_mots_descriptifs_accueil,a-z_adjectifs_mots_descriptifs_accueil
a_adjectifs_mots_descriptifs_accueil,flèche@a_adjectifs_mots_descriptifs_accueil,a-z_adjectifs_mots_descriptifs_accueil
a_adjectifs_mots_descriptifs_accueil_-_2,flèche@a_adjectifs_mots_descriptifs_accueil_-_2,a-z_adjectifs_mots_descriptifs_accueil
h_adjectifs_mots_descriptifs_accueil,flèche@h_adjectifs_mots_descriptifs_accueil,a-z_adjectifs_mots_descriptifs_accueil
p_adjectifs_mots_descriptifs_accueil,flèche@p_adjectifs_mots_descriptifs_accueil,a-z_adjectifs_mots_descriptifs_accueil
p_adjectifs_mots_descriptifs_accueil_-_2,flèche@p_adjectifs_mots_descriptifs_accueil_-_2,a-z_adjectifs_mots_descriptifs_accueil
b_adjectifs_mots_descriptifs_accueil,flèche@b_adjectifs_mots_descriptifs_accueil,a-z_adjectifs_mots_descriptifs_accueil
b_adjectifs_mots_descriptifs_accueil_-_2,flèche@b_adjectifs_mots_descriptifs_accueil_-_2,a-z_adjectifs_mots_descriptifs_accueil
i_adjectifs_mots_descriptifs_accueil,flèche@i_adjectifs_mots_descriptifs_accueil,a-z_adjectifs_mots_descriptifs_accueil
i_adjectifs_mots_descriptifs_accueil_-_2,flèche@i_adjectifs_mots_descriptifs_accueil_-_2,a-z_adjectifs_mots_descriptifs_accueil
q_adjectifs_mots_descriptifs_accueil,flèche@q_adjectifs_mots_descriptifs_accueil,a-z_adjectifs_mots_descriptifs_accueil
c_adjectifs_mots_descriptifs_accueil,flèche@c_adjectifs_mots_descriptifs_accueil,a-z_adjectifs_mots_descriptifs_accueil
c_adjectifs_mots_descriptifs_accueil_-_2,flèche@c_adjectifs_mots_descriptifs_accueil_-_2,a-z_adjectifs_mots_descriptifs_accueil
j_adjectifs_mots_descriptifs_accueil,flèche@j_adjectifs_mots_descriptifs_accueil,a-z_adjectifs_mots_descriptifs_accueil
r_adjectifs_mots_descriptifs_accueil,flèche@r_adjectifs_mots_descriptifs_accueil,a-z_adjectifs_mots_descriptifs_accueil
d_adjectifs_mots_descriptifs_accueil,flèche@d_adjectifs_mots_descriptifs_accueil,a-z_adjectifs_mots_descriptifs_accueil
d_adjectifs_mots_descriptifs_accueil_-_2,flèche@d_adjectifs_mots_descriptifs_accueil_-_2,a-z_adjectifs_mots_descriptifs_accueil
k_adjectifs_mots_descriptifs_accueil,flèche@k_adjectifs_mots_descriptifs_accueil,a-z_adjectifs_mots_descriptifs_accueil
s_adjectifs_mots_descriptifs_accueil,flèche@s_adjectifs_mots_descriptifs_accueil,a-z_adjectifs_mots_descriptifs_accueil
s_adjectifs_mots_descriptifs_accueil_-_2,flèche@s_adjectifs_mots_descriptifs_accueil_-_2,a-z_adjectifs_mots_descriptifs_accueil
e_adjectifs_mots_descriptifs_accueil,flèche@e_adjectifs_mots_descriptifs_accueil,a-z_adjectifs_mots_descriptifs_accueil
e_adjectifs_mots_descriptifs_accueil_-_2,flèche@e_adjectifs_mots_descriptifs_accueil_-_2,a-z_adjectifs_mots_descriptifs_accueil
l_adjectifs_mots_descriptifs_accueil,flèche@l_adjectifs_mots_descriptifs_accueil,a-z_adjectifs_mots_descriptifs_accueil
t_adjectifs_mots_descriptifs_accueil,flèche@t_adjectifs_mots_descriptifs_accueil,a-z_adjectifs_mots_descriptifs_accueil
m_adjectifs_mots_descriptifs_accueil,flèche@m_adjectifs_mots_descriptifs_accueil,a-z_adjectifs_mots_descriptifs_accueil
m_adjectifs_mots_descriptifs_accueil_-_2,flèche@m_adjectifs_mots_descriptifs_accueil_-_2,a-z_adjectifs_mots_descriptifs_accueil
u_adjectifs_mots_descriptifs_accueil,flèche@u_adjectifs_mots_descriptifs_accueil,a-z_adjectifs_mots_descriptifs_accueil
f_adjectifs_mots_descriptifs_accueil,flèche@f_adjectifs_mots_descriptifs_accueil,a-z_adjectifs_mots_descriptifs_accueil
n_adjectifs_mots_descriptifs_accueil,flèche@n_adjectifs_mots_descriptifs_accueil,a-z_adjectifs_mots_descriptifs_accueil
v_adjectifs_mots_descriptifs_accueil,flèche@v_adjectifs_mots_descriptifs_accueil,a-z_adjectifs_mots_descriptifs_accueil
w_adjectifs_mots_descriptifs_accueil,flèche@w_adjectifs_mots_descriptifs_accueil,a-z_adjectifs_mots_descriptifs_accueil
x_adjectifs_mots_descriptifs_accueil,flèche@x_adjectifs_mots_descriptifs_accueil,a-z_adjectifs_mots_descriptifs_accueil
y_adjectifs_mots_descriptifs_accueil,flèche@y_adjectifs_mots_descriptifs_accueil,a-z_adjectifs_mots_descriptifs_accueil
z_adjectifs_mots_descriptifs_accueil,flèche@z_adjectifs_mots_descriptifs_accueil,a-z_adjectifs_mots_descriptifs_accueil
taille_et_vitesse_mots_descriptifs_accueil,flèche@taille_et_vitesse_mots_descriptifs_accueil,mots_descriptifs_accueil_-_2
taille_et_vitesse_mots_descriptifs_accueil_-_2,flèche@taille_et_vitesse_mots_descriptifs_accueil_-_2,mots_descriptifs_accueil_-_2
chat_accueil,flèche@chat_accueil,accueil
chat_accueil_-_2,flèche@chat_accueil_-_2,accueil
sur_moi_chat_accueil,flèche@sur_moi_chat_accueil,chat_accueil
sur_moi_chat_accueil_-_2,flèche@sur_moi_chat_accueil_-_2,chat_accueil
contacts_sur_moi_chat_accueil,flèche@contacts_sur_moi_chat_accueil,sur_moi_chat_accueil_-_2
actualités_et_histoires_chat_accueil,flèche@actualités_et_histoires_chat_accueil,chat_accueil
commentaires_positifs_chat_accueil,flèche@commentaires_positifs_chat_accueil,chat_accueil
commentaires_positifs_chat_accueil_-_2,flèche@commentaires_positifs_chat_accueil_-_2,chat_accueil
positif_commentaires_positifs_chat_accueil,flèche@positif_commentaires_positifs_chat_accueil,commentaires_positifs_chat_accueil
positif_commentaires_positifs_chat_accueil_-_2,flèche@positif_commentaires_positifs_chat_accueil_-_2,commentaires_positifs_chat_accueil
expressions_chat_accueil,flèche@expressions_chat_accueil,chat_accueil
expressions_chat_accueil_-_2,flèche@expressions_chat_accueil_-_2,chat_accueil
commentaires_négatifs_chat_accueil,flèche@commentaires_négatifs_chat_accueil,chat_accueil
commentaires_négatifs_chat_accueil_-_2,flèche@commentaires_négatifs_chat_accueil_-_2,chat_accueil
négatif_commentaires_négatifs_chat_accueil,flèche@négatif_commentaires_négatifs_chat_accueil,commentaires_négatifs_chat_accueil
négatif_commentaires_négatifs_chat_accueil_-_2,flèche@négatif_commentaires_négatifs_chat_accueil_-_2,commentaires_négatifs_chat
activités_accueil,flèche@activités_accueil,accueil
exemples_d'activités_accueil,flèche@exemples_d'activités_accueil,activités_accueil
arts_exemples_d'activités_accueil,flèche@arts_exemples_d'activités_accueil,arts_exemples_d'activités_accueil
jouer_au_bowling_exemples_d'activités_accueil,flèche@jouer_au_bowling_exemples_d'activités_accueil,exemples_d'activités_accueil
bulles_exemples_d'activités_accueil,flèche@bulles_exemples_d'activités_accueil,exemples_d'activités_accueil
courses_exemples_d'activités_accueil,flèche@courses_exemples_d'activités_accueil,exemples_d'activités_accueil
nourriture_courses_exemples_d'activités_accueil,flèche@nourriture_courses_exemples_d'activités_accueil,courses_exemples_d'activités_accueil
nourriture_courses_exemples_d'activités_accueil_-_2,flèche@nourriture_courses_exemples_d'activités_accueil_-_2,courses_exemples_d'activités_accueil
déjeuner_courses_exemples_d'activités_accueil,flèche@déjeuner_courses_exemples_d'activités_accueil,nourriture_courses_exemples_d'activités_accueil_-_2
déjeuner_courses_exemples_d'activités_accueil_-_2,flèche@déjeuner_courses_exemples_d'activités_accueil_-_2,nourriture_courses_exemples_d'activités_accueil_-_2
bonbons_courses_exemples_d'activités_accueil,flèche@bonbons_courses_exemples_d'activités_accueil,nourriture_courses_exemples_d'activités_accueil_-_2
bonbons_courses_exemples_d'activités_accueil_-_2,flèche@bonbons_courses_exemples_d'activités_accueil_-_2,nourriture_courses_exemples_d'activités_accueil_-_2
dîner_courses_exemples_d'activités_accueil,flèche@dîner_courses_exemples_d'activités_accueil,nourriture_courses_exemples_d'activités_accueil_-_2
dîner_courses_exemples_d'activités_accueil_-_2,flèche@dîner_courses_exemples_d'activités_accueil_-_2,nourriture_courses_exemples_d'activités_accueil_-_2
ustensiles_courses_exemples_d'activités_accueil,flèche@ustensiles_courses_exemples_d'activités_accueil,nourriture_courses_exemples_d'activités_accueil_-_2
ustensiles_courses_exemples_d'activités_accueil_-_2,flèche@ustensiles_courses_exemples_d'activités_accueil_-_2,nourriture_courses_exemples_d'activités_accueil_-_2
casse-croûte_courses_exemples_d'activités_accueil,flèche@casse-croûte_courses_exemples_d'activités_accueil,nourriture_courses_exemples_d'activités_accueil_-_2
casse-croûte_courses_exemples_d'activités_accueil_-_2,flèche@casse-croûte_courses_exemples_d'activités_accueil_-_2,nourriture_courses_exemples_d'activités_accueil_-_2
casse-croûte_courses_exemples_d'activités_accueil_-_3,flèche@casse-croûte_courses_exemples_d'activités_accueil_-_3,nourriture_courses_exemples_d'activités_accueil_-_2
batterie_de_cuisine_courses_exemples_d'activités_accueil,flèche@batterie_de_cuisine_courses_exemples_d'activités_accueil,nourriture_courses_exemples_d'activités_accueil_-_2
batterie_de_cuisine_courses_exemples_d'activités_accueil_-_2,flèche@batterie_de_cuisine_courses_exemples_d'activités_accueil_-_ 2,nourriture_courses_exemples_d'activités_accueil_-_2
batterie_de_cuisine_courses_exemples_d'activités_accueil_-_ 3,flèche@batterie_de_cuisine_courses_exemples_d'activités_accueil_-_ 3,nourriture_courses_exemples_d'activités_accueil_-_2
souper_courses_exemples_d'activités_accueil,flèche@souper_courses_exemples_d'activités_accueil,nourriture_courses_exemples_d'activités_accueil_-_2
souper_courses_exemples_d'activités_accueil_-_2,flèche@souper_courses_exemples_d'activités_accueil_-_2,nourriture_courses_exemples_d'activités_accueil_-_2
souper_courses_exemples_d'activités_accueil_-_3,flèche@souper_courses_exemples_d'activités_accueil_-_3,nourriture_courses_exemples_d'activités_accueil_-_2
ingrédients_courses_exemples_d'activités_accueil,flèche@ingrédients_courses_exemples_d'activités_accueil,nourriture_courses_exemples_d'activités_accueil_-_2
ingrédients_courses_exemples_d'activités_accueil_-_2,flèche@ingrédients_courses_exemples_d'activités_accueil_-_2,nourriture_courses_exemples_d'activités_accueil_-_2
ingrédients_courses_exemples_d'activités_accueil_-_3,flèche@ingrédients_courses_exemples_d'activités_accueil_-_3,nourriture_courses_exemples_d'activités_accueil_-_2
breuvages_courses_exemples_d'activités_accueil,flèche@breuvages_courses_exemples_d'activités_accueil,nourriture_courses_exemples_d'activités_accueil_-_2
breuvages_courses_exemples_d'activités_accueil_-_2,flèche@breuvages_courses_exemples_d'activités_accueil_-_2,nourriture_courses_exemples_d'activités_accueil_-_2
condiments_courses_exemples_d'activités_accueil,flèche@condiments_courses_exemples_d'activités_accueil,nourriture_courses_exemples_d'activités_accueil_-_2
condiments_courses_exemples_d'activités_accueil_-_2,flèche@condiments_courses_exemples_d'activités_accueil_-_2,nourriture_courses_exemples_d'activités_accueil_-_2
desserts_courses_exemples_d'activités_accueil,flèche@desserts_courses_exemples_d'activités_accueil,nourriture_courses_exemples_d'activités_accueil_-_2
desserts_courses_exemples_d'activités_accueil_-_2,flèche@desserts_courses_exemples_d'activités_accueil_-_2,nourriture_courses_exemples_d'activités_accueil_-_2
viandes_courses_exemples_d'activités_accueil,flèche@viandes_courses_exemples_d'activités_accueil,nourriture_courses_exemples_d'activités_accueil_-_2
fruits_courses_exemples_d'activités_accueil,flèche@fruits_courses_exemples_d'activités_accueil,nourriture_courses_exemples_d'activités_accueil_-_2
fruits_courses_exemples_d'activités_accueil_-_2,flèche@fruits_courses_exemples_d'activités_accueil_-_2,nourriture_courses_exemples_d'activités_accueil_-_2
accompagnements_courses_exemples_d'activités_accueil,flèche@accompagnements_courses_exemples_d'activités_accueil,nourriture_courses_exemples_d'activités_accueil_-_2
accompagnements_courses_exemples_d'activités_accueil_-_2,flèche@accompagnements_courses_exemples_d'activités_accueil_-_2,nourriture_courses_exemples_d'activités_accueil_-_2
légumes_courses_exemples_d'activités_accueil,flèche@légumes_courses_exemples_d'activités_accueil,nourriture_courses_exemples_d'activités_accueil_-_2
légumes_courses_exemples_d'activités_accueil_-_2,flèche@légumes_courses_exemples_d'activités_accueil_-_2,nourriture_courses_exemples_d'activités_accueil_-_2
harry_potter_exemples_d'activités_accueil,flèche@harry_potter_exemples_d'activités_accueil,exemples_d'activités_accueil
personnages_de_harry_potter_exemples_d'activités_accueil,flèche@personnages_de_harry_potter_exemples_d'activités_accueil ,harry_potter_exemples_d'activités_accueil
choses_de_harry_potter_exemples_d'activités_accueil,flèche@choses_de_harry_potter_exemples_d'activités_accueil,harry_potter_exemples_d'activités_accueil
repas_exemples_d'activités_accueil,flèche@repas_exemples_d'activités_accueil,exemples_d'activités_accueil
nourriture_repas_exemples_d'activités_accueil,flèche@nourriture_repas_exemples_d'activités_accueil,repas_exemples_d'activités_accueil
nourriture_repas_exemples_d'activités_accueil_-_2,flèche@nourriture_repas_exemples_d'activités_accueil_-_2,repas_exemples_d'activités_accueil
déjeuner_repas_exemples_d'activités_accueil,flèche@déjeuner_repas_exemples_d'activités_accueil,nourriture_repas_exemples_d'activités_accueil_-_2
déjeuner_repas_exemples_d'activités_accueil_-_2,flèche@déjeuner_repas_exemples_d'activités_accueil_-_2,nourriture_repas_exemples_d'activités_accueil_-_2
bonbons_repas_exemples_d'activités_accueil,flèche@bonbons_repas_exemples_d'activités_accueil,nourriture_repas_exemples_d'activités_accueil_-_2
bonbons_repas_exemples_d'activités_accueil_-_2,flèche@bonbons_repas_exemples_d'activités_accueil_-_2,nourriture_repas_exemples_d'activités_accueil_-_2
dîner_repas_exemples_d'activités_accueil,flèche@dîner_repas_exemples_d'activités_accueil,nourriture_repas_exemples_d'activités_accueil_-_2
dîner_repas_exemples_d'activités_accueil_-_2,flèche@dîner_repas_exemples_d'activités_accueil_-_2,nourriture_repas_exemples_d'activités_accueil_-_2
ustensiles_repas_exemples_d'activités_accueil,flèche@ustensiles_repas_exemples_d'activités_accueil,nourriture_repas_exemples_d'activités_accueil_-_2
ustensiles_repas_exemples_d'activités_accueil_-_2,flèche@ustensiles_repas_exemples_d'activités_accueil_-_2,nourriture_repas_exemples_d'activités_accueil_-_2
casse-croûte_repas_exemples_d'activités_accueil,flèche@casse-croûte_repas_exemples_d'activités_accueil,nourriture_repas_exemples_d'activités_accueil_-_2
casse-croûte_repas_exemples_d'activités_accueil_-_2,flèche@casse-croûte_repas_exemples_d'activités_accueil_-_2,nourriture_repas_exemples_d'activités_accueil_-_2
casse-croûte_repas_exemples_d'activités_accueil_-_3,flèche@casse-croûte_repas_exemples_d'activités_accueil_-_3,nourriture_repas_exemples_d'activités_accueil_-_2
batterie_de_cuisine_repas_exemples_d'activités_accueil,flèche@batterie_de_cuisine_repas_exemples_d'activités_accueil,nourriture_repas_exemples_d'activités_accueil_-_2
batterie_de_cuisine_repas_exemples_d'activités_accueil_-_2,flèche@batterie_de_cuisine_repas_exemples_d'activités_accueil_-_ 2,nourriture_repas_exemples_d'activités_accueil_-_2
batterie_de_cuisine_repas_exemples_d'activités_accueil_-_ 3,flèche@batterie_de_cuisine_repas_exemples_d'activités_accueil_-_ 3,nourriture_repas_exemples_d'activités_accueil_-_2
souper_repas_exemples_d'activités_accueil,flèche@souper_repas_exemples_d'activités_accueil,nourriture_repas_exemples_d'activités_accueil_-_2
souper_repas_exemples_d'activités_accueil_-_2,flèche@souper_repas_exemples_d'activités_accueil_-_2,nourriture_repas_exemples_d'activités_accueil_-_2
souper_repas_exemples_d'activités_accueil_-_3,flèche@souper_repas_exemples_d'activités_accueil_-_3,nourriture_repas_exemples_d'activités_accueil_-_2
ingrédients_repas_exemples_d'activités_accueil,flèche@ingrédients_repas_exemples_d'activités_accueil,nourriture_repas_exemples_d'activités_accueil_-_2
ingrédients_repas_exemples_d'activités_accueil_-_2,flèche@ingrédients_repas_exemples_d'activités_accueil_-_2,nourriture_repas_exemples_d'activités_accueil_-_2
ingrédients_repas_exemples_d'activités_accueil_-_3,flèche@ingrédients_repas_exemples_d'activités_accueil_-_3,nourriture_repas_exemples_d'activités_accueil_-_2
breuvages_repas_exemples_d'activités_accueil,flèche@breuvages_repas_exemples_d'activités_accueil,nourriture_repas_exemples_d'activités_accueil_-_2
breuvages_repas_exemples_d'activités_accueil_-_2,flèche@breuvages_repas_exemples_d'activités_accueil_-_2,nourriture_repas_exemples_d'activités_accueil_-_2
condiments_repas_exemples_d'activités_accueil,flèche@condiments_repas_exemples_d'activités_accueil,nourriture_repas_exemples_d'activités_accueil_-_2
condiments_repas_exemples_d'activités_accueil_-_2,flèche@condiments_repas_exemples_d'activités_accueil_-_2,nourriture_repas_exemples_d'activités_accueil_-_2
desserts_repas_exemples_d'activités_accueil,flèche@desserts_repas_exemples_d'activités_accueil,nourriture_repas_exemples_d'activités_accueil_-_2
desserts_repas_exemples_d'activités_accueil_-_2,flèche@desserts_repas_exemples_d'activités_accueil_-_2,nourriture_repas_exemples_d'activités_accueil_-_2
viandes_repas_exemples_d'activités_accueil,flèche@viandes_repas_exemples_d'activités_accueil,nourriture_repas_exemples_d'activités_accueil_-_2
fruits_repas_exemples_d'activités_accueil,flèche@fruits_repas_exemples_d'activités_accueil,nourriture_repas_exemples_d'activités_accueil_-_2
fruits_repas_exemples_d'activités_accueil_-_2,flèche@fruits_repas_exemples_d'activités_accueil_-_2,nourriture_repas_exemples_d'activités_accueil_-_2
accompagnements_repas_exemples_d'activités_accueil,flèche@accompagnements_repas_exemples_d'activités_accueil,nourriture_repas_exemples_d'activités_accueil_-_2
accompagnements_repas_exemples_d'activités_accueil_-_2,flèche@accompagnements_repas_exemples_d'activités_accueil_-_2,nourriture_repas_exemples_d'activités_accueil_-_2
légumes_repas_exemples_d'activités_accueil,flèche@légumes_repas_exemples_d'activités_accueil,nourriture_repas_exemples_d'activités_accueil_-_2
légumes_repas_exemples_d'activités_accueil_-_2,flèche@légumes_repas_exemples_d'activités_accueil_-_2,nourriture_repas_exemples_d'activités_accueil_-_2
aujourd'hui_à_l'école_exemples_d'activités_accueil,flèche@aujourd'hui_à_l'école_exemples_d'activités_accueil,exemples_d'activités_accueil
professeurs_aujourd'hui_à_l'école_exemples_d'activités_accueil ,flèche@professeurs_aujourd'hui_à_l'école_exemples_d'activités_accueil  ,aujourd'hui_à_l'école_exemples_d'activités_accueil _exemples_d'activités_accueil
amis_aujourd'hui_à_l'école_exemples_d'activités_accueil ,flèche@amis_aujourd'hui_à_l'école_exemples_d'activités_accueil ,aujourd'hui_à_l'école_exemples_d'activités_accueil _activités
amis_aujourd'hui_à_l'école_exemples_d'activités_accueil _-_2,flèche@amis_aujourd'hui_à_l'école_exemples_d'activités_accueil _-_2,aujourd'hui_à_l'école_exemples_d'activités_accueil _activités
nourriture_accueil,flèche@nourriture_accueil,accueil_-_2
nourriture_accueil_-_2,flèche@nourriture_accueil_-_2,accueil_-_2
déjeuner_accueil,flèche@déjeuner_accueil,nourriture_accueil_-_2
déjeuner_accueil_-_2,flèche@déjeuner_accueil_-_2,nourriture_accueil_-_2
bonbons_accueil,flèche@bonbons_accueil,nourriture_accueil_-_2
bonbons_accueil_-_2,flèche@bonbons_accueil_-_2,nourriture_accueil_-_2
dîner_accueil,flèche@dîner_accueil,nourriture_accueil_-_2
dîner_accueil_-_2,flèche@dîner_accueil_-_2,nourriture_accueil_-_2
ustensiles_accueil,flèche@ustensiles_accueil,nourriture_accueil_-_2
ustensiles_accueil_-_2,flèche@ustensiles_accueil_-_2,nourriture_accueil_-_2
casse-croûte_accueil,flèche@casse-croûte_accueil,nourriture_accueil_-_2
casse-croûte_accueil_-_2,flèche@casse-croûte_accueil_-_2,nourriture_accueil_-_2
casse-croûte_accueil_-_3,flèche@casse-croûte_accueil_-_3,nourriture_accueil_-_2
batterie_de_cuisine_accueil,flèche@batterie_de_cuisine_accueil,nourriture_accueil_-_2
batterie_de_cuisine_accueil_-_2,flèche@batterie_de_cuisine_accueil_-_ 2,nourriture_accueil_-_2
batterie_de_cuisine_accueil_-_ 3,flèche@batterie_de_cuisine_accueil_-_ 3,nourriture_accueil_-_2
souper_accueil,flèche@souper_accueil,nourriture_accueil_-_2
souper_accueil_-_2,flèche@souper_accueil_-_2,nourriture_accueil_-_2
souper_accueil_-_3,flèche@souper_accueil_-_3,nourriture_accueil_-_2
ingrédients_accueil,flèche@ingrédients_accueil,nourriture_accueil_-_2
ingrédients_accueil_-_2,flèche@ingrédients_accueil_-_2,nourriture_accueil_-_2
ingrédients_accueil_-_3,flèche@ingrédients_accueil_-_3,nourriture_accueil_-_2
breuvages_accueil,flèche@breuvages_accueil,nourriture_accueil_-_2
breuvages_accueil_-_2,flèche@breuvages_accueil_-_2,nourriture_accueil_-_2
condiments_accueil,flèche@condiments_accueil,nourriture_accueil_-_2
condiments_accueil_-_2,flèche@condiments_accueil_-_2,nourriture_accueil_-_2
desserts_accueil,flèche@desserts_accueil,nourriture_accueil_-_2
desserts_accueil_-_2,flèche@desserts_accueil_-_2,nourriture_accueil_-_2
viandes_accueil,flèche@viandes_accueil,nourriture_accueil_-_2
fruits_accueil,flèche@fruits_accueil,nourriture_accueil_-_2
fruits_accueil_-_2,flèche@fruits_accueil_-_2,nourriture_accueil_-_2
accompagnements_accueil,flèche@accompagnements_accueil,nourriture_accueil_-_2
accompagnements_accueil_-_2,flèche@accompagnements_accueil_-_2,nourriture_accueil_-_2
légumes_accueil,flèche@légumes_accueil,nourriture_accueil_-_2
légumes_accueil_-_2,flèche@légumes_accueil_-_2,nourriture_accueil_-_2
divertissement_accueil,flèche@divertissement_accueil,accueil_-_2
ordinateurs_divertissement_accueil,flèche@ordinateurs_divertissement_accueil,divertissement_divertissement_accueil_-_2
ordinateurs_divertissement_accueil_-_2,flèche@ordinateurs_divertissement_accueil_-_2,divertissement_divertissement_accueil_-_2
sports_divertissement_accueil,flèche@sports_divertissement_accueil,divertissement_divertissement_accueil_-_2
sports_divertissement_accueil_-_2,flèche@sports_divertissement_accueil_-_2,divertissement_divertissement_accueil_-_2
hockey_sports_divertissement_accueil,flèche@hockey_sports_divertissement_accueil,sports_divertissement_accueil
hockey_sports_divertissement_accueil_-_2,flèche@hockey_sports_divertissement_accueil_-_2,sports_divertissement_accueil
baseball_sports_divertissement_accueil,flèche@baseball_sports_divertissement_accueil,sports_divertissement_accueil_-_2
baseball_sports_divertissement_accueil_-_2,flèche@baseball_sports_divertissement_accueil_-_2,sports_divertissement_accueil_-_2
basketball_sports_divertissement_accueil,flèche@basketball_sports_divertissement_accueil,sports_divertissement_accueil_-_2
basketball_sports_divertissement_accueil_-_2,flèche@basketball_sports_divertissement_accueil_-_2,sports_divertissement_accueil_-_2
bowling_sports_divertissement_accueil,flèche@bowling_sports_divertissement_accueil,sports_divertissement_accueil_-_2
football_américain_sports_divertissement_accueil,flèche@football_américain_sports_divertissement_accueil,sports_divertissement_accueil_-_2
football_américain_sports_divertissement_accueil_-_2,flèche@football_américain_sports_divertissement_accueil_-_2,sports_divertissement_accueil_-_2
soccer_sports_divertissement_accueil,flèche@soccer_sports_divertissement_accueil,sports_divertissement_accueil_-_2
soccer_sports_divertissement_accueil_-_2,flèche@soccer_sports_divertissement_accueil_-_2,divertissement_sports_divertissement_accueil_-_2
films_divertissement_accueil,flèche@films_divertissement_accueil,divertissement_divertissement_accueil_-_2
jouets_divertissement_accueil,flèche@jouets_divertissement_accueil,divertissement_divertissement_accueil_-_2
jouets_divertissement_accueil_-_2,flèche@jouets_divertissement_accueil_-_2,divertissement_divertissement_accueil_-_2
électronique_divertissement_accueil,flèche@électronique_divertissement_accueil,divertissement_accueil_-_2
électronique_divertissement_accueil_-_2,flèche@électronique_divertissement_accueil_-_2,divertissement_accueil_-_2
tv_divertissement_accueil,flèche@tv_divertissement_accueil,divertissement_accueil_-_2
tv_divertissement_accueil_-_2,flèche@tv_divertissement_accueil_-_2,divertissement_accueil_-_2
spectacles_tv_divertissement_accueil,flèche@spectacles_tv_divertissement_accueil,tv_divertissement_accueil
postes_de_télé_spectacles_tv_divertissement_accueil,flèche@postes_de_télé_spectacles_tv_divertissement_accueil,spectacles_tv_divertissement_accueil
postes_de_télé_spectacles_tv_divertissement_accueil_-_2,flèche@postes_de_télé_spectacles_tv_divertissement_accueil_-_2,spectacless_tv
films_tv_divertissement_accueil ,flèche@films_tv_divertissement_accueil ,tv_divertissement_accueil
postes_de_télé_tv_divertissement_accueil ,flèche@postes_de_télé_tv_divertissement_accueil ,tv_divertissement
postes_de_télé_tv_divertissement_accueil _-_2,flèche@postes_de_télé_tv_divertissement_accueil _-_2,tv_divertissement
loisirs_divertissement_accueil,flèche@loisirs_divertissement_accueil,divertissement_accueil_-_2
loisirs_divertissement_accueil_-_2,flèche@loisirs_divertissement_accueil_-_2,divertissement_accueil_-_2
musique_divertissement_accueil,flèche@musique_divertissement_accueil,divertissement_accueil_-_2
musique_divertissement_accueil_-_2,flèche@musique_divertissement_accueil_-_2,divertissement_accueil_-_2
jeux_divertissement_accueil,flèche@jeux_divertissement_accueil,divertissement_accueil_-_2
jeux_de_société_divertissement_accueil,flèche@jeux_de_société_divertissement_accueil,jeux_divertissement_accueil
lecture_divertissement_accueil,flèche@lecture_divertissement_accueil,divertissement_accueil_-_2
lecture_divertissement_accueil_-_2,flèche@lecture_divertissement_accueil_-_2,divertissement_accueil_-_2
livres_lecture_divertissement_accueil,flèche@livres_lecture_divertissement_accueil,lecture_divertissement_accueil
livres_lecture_divertissement_accueil_-_2,flèche@livres_lecture_divertissement_accueil_-_2,lecture_divertissement_accueil
spectacles_divertissement_accueil,flèche@spectacles_divertissement_accueil,divertissement_accueil_-_2
postes_de_télé_spectacles_divertissement_accueil,flèche@postes_de_télé_spectacles_divertissement_accueil,spectacles_divertissement_accueil
postes_de_télé_spectacles_divertissement_accueil_-_2,flèche@postes_de_télé_spectacles_divertissement_accueil_-_2,spectacles_divertissement_accueil
nombres_accueil,flèche@nombres_accueil,accueil_-_2
nombres_accueil_-_2,flèche@nombres_accueil_-_2,accueil_-_2
ponctuation_nombres_accueil,flèche@ponctuation_nombres_accueil,nombres_accueil_-_2
ponctuation_nombres_accueil_-_2,flèche@ponctuation_nombres_accueil_-_2,nombres_accueil_-_2
émotions_accueil,flèche@émotions_accueil,accueil_-_2
émotions_accueil_-_2,flèche@émotions_accueil_-_2,accueil_-_2
école_accueil,flèche@école_accueil,accueil_-_2
nombres_école_accueil,flèche@nombres_école_accueil,école_accueil
nombres_école_accueil_-_2,flèche@nombres_école_accueil_-_2,école_accueil
ponctuation_nombres_école_accueil,flèche@ponctuation_nombres_école_accueil,nombres_école_accueil
ponctuation_nombres_école_accueil_-_2,flèche@ponctuation_nombres_école_accueil_-_2,nombres_école_accueil
professeurs_école_accueil,flèche@professeurs_école_accueil,école_accueil
matériel_d'art_plastique_école_accueil,flèche@matériel_d'art_plastique_école_accueil ,école_accueil
matériel_d'art_plastique_école_accueil_-_2,flèche@matériel_d'art_plastique_école_accueil_-_2,école_accueil
calendrier_école_accueil,flèche@calendrier_école_accueil,école_accueil
numéros_de_calendrier_calendrier_école_accueil,flèche@numéros_de_calendrier_calendrier_école_accueil,calendrier_école_accueil
météo_calendrier_école_accueil,flèche@météo_calendrier_école_accueil,calendrier_école_accueil
météo_calendrier_école_accueil_-_2,flèche@météo_calendrier_école_accueil_-_2,calendrier_école_accueil
horaire_école_accueil,flèche@horaire_école_accueil,école_accueil
sciences_école_accueil,flèche@sciences_école_accueil,école_accueil_-_2
sciences_école_accueil_-_2,flèche@sciences_école_accueil_-_2,école_accueil_-_2
astronomie_sciences_école_accueil,flèche@astronomie_sciences_école_accueil,sciences_école_accueil
astronomie_sciences_école_accueil_-_2,flèche@astronomie_sciences_école_accueil,sciences_école_accueil
art_école_accueil,flèche@art_école_accueil,école_accueil_-_2
matériel_d'art_plastique_art_école_accueil,flèche@matériel_d'art_plastique_art_école_accueil ,art_école_accueil
matériel_d'art_plastique_art_école_accueil_-_2,flèche@matériel_d'art_plastique_art_école_accueil_-_2,art_école_accueil
mes_règles_école_accueil,flèche@mes_règles_école_accueil,école_accueil_-_2
géographie_école_accueil,flèche@géographie_école_accueil,école_accueil_-_2
géographie_école_accueil_-2,flèche@géographie_école_accueil_-_2,école_accueil_-_2
continents_et_mers_géographie_école_accueil,flèche@continents_et_mers_géographie_école_accueil,géographie_école_accueil
continents_et_mers_géographie_école_accueil_-_2,flèche@continents_et_mers_géographie_école_accueil_-_2,géographie_école_accueil
pays_géographie_école_accueil,flèche@pays_géographie_école_accueil,géographie_école_accueil
pays_géographie_école_accueil_-_2,flèche@pays_géographie_école_accueil_-_2,géographie_école_accueil
pays_géographie_école_accueil_-_3,flèche@pays_géographie_école_accueil_-_3,géographie_école_accueil
pays_géographie_école_accueil_-_4,flèche@pays_géographie_école_accueil_-_4,géographie_école_accueil
pays_géographie_école_accueil_-_5,flèche@pays_géographie_école_accueil_-_5,géographie_école_accueil
pays_géographie_école_accueil_-_6,flèche@pays_géographie_école_accueil_-_6,géographie_école_accueil
pays_géographie_école_accueil_-_7,flèche@pays_géographie_école_accueil_-_7,géographie_école_accueil
provinces_du_canada_géographie_école_accueil,flèche@provinces_du_canada_géographie_école_accueil,géographie_école_accueil
astronomie_géographie_école_accueil,flèche@astronomie_géographie_école_accueil,géographie_école_accueil_-_2
astronomie_école_accueil_-_2,flèche@astronomie_école_accueil,géographie_école_accueil_-_2
états_des_états_unis_géographie_école_accueil,flèche@états_des_états_unis_géographie_école_accueil,géographie_école_accueil_-_2
états_des_états_unis_géographie_école_accueil_-_2,flèche@états_des_états_unis_géographie_école_accueil_-_2,géographie_école_accueil_-_2
états_des_états_unis_géographie_école_accueil_-_3,flèche@états_des_états_unis_géographie_école_accueil_-_ 3,géographie_école_accueil_-_2
histoire_école_accueil,flèche@histoire_école_accueil,école_accueil_-_2
personnages_historiques_école_accueil,flèche@personnages_historiques_école_accueil,histoire_école_accueil
actualité_école_accueil_école_accueil,flèche@actualité_école_accueil_école_accueil,histoire_école_accueil
maths_école_accueil,flèche@maths_école_accueil,école_accueil_-_2
maths_école_accueil_-2,flèche@maths_école_accueil_-_2,école_accueil_-_2
nombres_maths_école_accueil,flèche@nombres_maths_école_accueil,maths_école_accueil
nombres_maths_école_accueil_-_2,flèche@nombres_maths_école_accueil_-_2,maths_école_accueil
ponctuation_nombres_accueil,flèche@ponctuation_nombres_accueil,nombres_maths_école_accueil
ponctuation_nombres_maths_école_accueil_-_2,flèche@ponctuation_nombres_maths_école_accueil_-_2,nombres_maths_école_accueil
argent_école_accueil,flèche@argent_école_accueil,école_accueil_-_2
argent_école_accueil_-_2,flèche@argent_école_accueil_-_2,école_accueil_-_2
argent_école_accueil_-_3,flèche@argent_école_accueil_-_3,école_accueil_-_2
nombres_argent_école_accueil,flèche@nombres_argent_école_accueil,argent_école_accueil
nombres_argent_école_accueil_-_2,flèche@nombres_argent_école_accueil_-_2,argent_école_accueil
ponctuation_nombres_accueil,flèche@ponctuation_nombres_accueil,nombres_argent_école_accueil
ponctuation_nombres_argent_école_accueil_-_2,flèche@ponctuation_nombres_argent_école_accueil_-_2,nombres_argent_école_accueil
musique_école_accueil,flèche@musique_école_accueil,école_accueil_-_2
musique_école_accueil_-_2,flèche@musique_école_accueil_-_2,école_accueil_-_2
signaux_de_sécurité_école_accueil,flèche@signaux_de_sécurité_école_accueil,école_accueil_-_2
temps_accueil,flèche@temps_accueil,accueil_-_2
événements_spéciaux_temps_accueil,flèche@événements_spéciaux_temps_accueil,temps_accueil
événements_spéciaux_temps_accueil_-_2,flèche@événements_spéciaux_temps_accueil_-_2,temps_accueil
vacances_événements_spéciaux_temps_accueil,flèche@vacances_événements_spéciaux_temps_accueil,événements_spéciaux_temps_accueil
vacances_événements_spéciaux_temps_accueil_-_2,flèche@vacances_événements_spéciaux_temps_accueil_-_2,événements_spéciaux_temps_accueil
choses_de_vacances_événements_spéciaux_temps_accueil,flèche@choses_de_vacances_événements_spéciaux_temps_accueil,vacances_événements_spéciaux_temps_accueil
choses_de_vacances_événements_spéciaux_temps_accueil_-_2,flèche@choses_de_vacances_événements_spéciaux_temps_accueil_-_2,vacances_événements_spéciaux_temps_accueil
nombres_temps_accueil,flèche@nombres_temps_accueil,temps_accueil
nombres_temps_accueil_-_2,flèche@nombres_temps_accueil_-_2,temps_accueil
ponctuation_nombres_accueil,flèche@ponctuation_nombres_accueil,nombres_temps_accueil
ponctuation_nombres_temps_accueil_-_2,flèche@ponctuation_nombres_temps_accueil_-_2,nombres_temps_accueil
calendrier_temps_accueil,flèche@calendrier_temps_accueil,temps_accueil_-_2
numéros_de_calendrier_calendrier_temps_accueil,flèche@numéros_de_calendrier_calendrier_temps_accueil,calendrier_temps_accueil
météo_calendrier_temps_accueil,flèche@météo_calendrier_temps_accueil,calendrier_temps_accueil
météo_calendrier_temps_accueil_-_2,flèche@météo_calendrier_temps_accueil_-_2,calendrier_temps_accueil
religion_accueil,flèche@religion_accueil,accueil_-_2
religion_accueil_-_2,flèche@religion_accueil_-_2,accueil_-_2
chrétien_religion_accueil,flèche@chrétien_religion_accueil ,religion_accueil_-_2
chrétien_religion_accueil_-_2,flèche@chrétien_religion_accueil_-_2,religion_accueil_-_2
catholique_religion_accueil,flèche@catholique_religion_accueil,religion_accueil_-_2
catholique_religion_accueil_-_2,flèche@catholique_religion_accueil_-_2,religion_accueil_-_2
juif_religion_accueil,flèche@juif_religion_accueil,religion_accueil_-_2
juif_religion_accueil_-_2,flèche@juif_religion_accueil_-_2,religion_accueil_-_2
musulman_religion_accueil,flèche@musulman_religion_accueil,religion_accueil_-_2
indices_accueil,flèche@indices_accueil,accueil_-_2
indices_accueil_-_2,flèche@indices_accueil_-_2,accueil_-_2
ponctuation_clavier_indices_accueil,flèche@ponctuation_clavier_indices_accueil,clavier_indices_accueil
ponctuation_clavier_indices_accueil_-_2,flèche@ponctuation_clavier_indices_accueil_-_2,clavier_indices_accueil
nombres_clavier_indices_accueil,flèche@nombres_clavier_indices_accueil,clavier_indices_accueil
nombres_clavier_indices_accueil_-_2,flèche@nombres_clavier_indices_accueil_-_2,clavier_indices_accueil
ponctuation_nombres_clavier_indices_accueil,flèche@ponctuation_nombress_clavier_indices_accueil,nombress_clavier_indices_accueil
ponctuation_nombres_clavier_indices_accueil_-_2,flèche@ponctuation_nombres_clavier_indices_accueil_-_2,clavier_indices_accueil
clavier_majuscules_indices_accueil,flèche@clavier_majuscules_indices_accueil,clavier_indices_accueil
ponctuation_clavier_majuscules_indices_accueil,flèche@ponctuation_clavier_majuscules_indices_accueil ,clavier_majuscules_indices_accueil
ponctuation_indices_accueil_-_2,flèche@ponctuation_indices_accueil_-_2,clavier_majuscules_indices_accueil
nombres_clavier_majuscules_indices_accueil,flèche@nombres_clavier_majuscules_indices_accueil,clavier_majuscules_indices_accueil
nombres_clavier_majuscules_indices_accueil_-_2,flèche@nombres_clavier_majuscules_indices_accueil_-_2,clavier_majuscules_indices_accueil
ponctuation_nombres_clavier_majuscules_indices_accueil,flèche@ponctuation_nombres_clavier_majuscules_indices_accueil,nombres_clavier_majuscules_indices_accueil
ponctuation_indices_accueil_-_2,flèche@ponctuation_indices_accueil_-_2,clavier_majuscules_indices_accueil
mots_descriptifs_indices_accueil,flèche@mots_descriptifs_indices_accueil,indices_accueil
mots_descriptifs_indices_accueil_-_2,flèche@mots_descriptifs_indices_accueil_-_2,indices_accueil
émotions_mots_descriptifs_indices_accueil,flèche@émotions_mots_descriptifs_indices_accueil,mots_descriptifs_indices_accueil
émotions_mots_descriptifs_indices_accueil_-_2,flèche@émotions_mots_descriptifs_indices_accueil_-_2,mots_descriptifs_indices_accueil
positif_mots_descriptifs_indices_accueil,flèche@positif_mots_descriptifs_indices_accueil,mots_descriptifs_indices_accueil_-_2
positif_mots_descriptifs_indices_accueil_-_2,flèche@positif_mots_descriptifs_indices_accueil_-_2,mots_descriptifs_indices_accueil_-_2
quantités_mots_descriptifs_indices_accueil,flèche@quantités_mots_descriptifs_indices_accueil,mots_descriptifs_indices_accueil_-_2
quantités_mots_descriptifs_indices_accueil_-_2,flèche@quantités_mots_descriptifs_indices_accueil_-_2,mots_descriptifs_indices_accueil_-_2
nombres_quantités_mots_descriptifs_indices_accueil,flèche@nombres_quantités_mots_descriptifs_indices_accueil,quantités_mots_descriptifs_indices_accueil
nombres_quantités_mots_descriptifs_indices_accueil_-_2,flèche@nombres_quantités_mots_descriptifs_indices_accueil_-_2,quantités_mots_descriptifs_indices_accueil
ponctuation_nombres_quantités_mots_descriptifs_indices_accueil,flèche@ponctuation_nombres_quantités_mots_descriptifs_indices_accueil,nombres_quantités_mots_descriptifs_indices_accueil
ponctuation_nombres_quantités_mots_descriptifs_indices_accueil_-_2,flèche@ponctuation_nombres_quantités_mots_descriptifs_indices_accueil_-_2,nombres_quantités_mots_descriptifs_indices_accueil
négatif_mots_descriptifs_indices_accueil,flèche@négatif_mots_descriptifs_indices_accueil,mots_descriptifs_indices_accueil_-_2
négatif_mots_descriptifs_indices_accueil_-_2,flèche@négatif_mots_descriptifs_indices_accueil_-_2,mots_descriptifs_indices_accueil_-_2
contraires_mots_descriptifs_indices_accueil,flèche@contraires_mots_descriptifs_indices_accueil,mots_descriptifs_indices_accueil_-_2
apparence_mots_descriptifs_indices_accueil,flèche@apparence_mots_descriptifs_indices_accueil,mots_descriptifs_indices_accueil_-_2
apparence_mots_descriptifs_indices_accueil_-_2,flèche@apparence_mots_descriptifs_indices_accueil_-_2,mots_descriptifs_indices_accueil_-_2
météo_mots_descriptifs_indices_accueil,flèche@météo_mots_descriptifs_indices_accueil,mots_descriptifs_indices_accueil_-_2
météo_mots_descriptifs_indices_accueil_-_2,flèche@météo_mots_descriptifs_indices_accueil_-_2,mots_descriptifs_indices_accueil_-_2
sons_mots_descriptifs_indices_accueil,flèche@sons_mots_descriptifs_indices_accueil,mots_descriptifs_indices_accueil_-_2
acheter_mots_descriptifs_indices_accueil,flèche@acheter_mots_descriptifs_indices_accueil,mots_descriptifs_indices_accueil_-_2
nombres_acheter_mots_descriptifs_indices_accueil,flèche@nombres_acheter_mots_descriptifs_indices_accueil,acheter_mots_descriptifs_indices_accueil
nombres_acheter_mots_descriptifs_indices_accueil_-_2,flèche@nombres_acheter_mots_descriptifs_indices_accueil_-_2,acheter_mots_descriptifs_indices_accueil
ponctuation_nombres_acheter_mots_descriptifs_indices_accueil,flèche@ponctuation_nombres_acheter_mots_descriptifs_indices_accueil,nombres_acheter_mots_descriptifs_indices_accueil
ponctuation_nombres_acheter_mots_descriptifs_indices_accueil_-_2,flèche@ponctuation_nombres_acheter_mots_descriptifs_indices_accueil_-_2,nombres_acheter_mots_descriptifs_indices_accueil
argent_acheter_mots_descriptifs_indices_accueil,flèche@argent_acheter_mots_descriptifs_indices_accueil,acheter_mots_descriptifs_indices_accueil
argent_acheter_mots_descriptifs_indices_accueil_-_2,flèche@argent_acheter_mots_descriptifs_indices_accueil_-_2,acheter_mots_descriptifs_indices_accueil
argent_acheter_mots_descriptifs_indices_accueil_-_3,flèche@argent_acheter_mots_descriptifs_indices_accueil_-_3,acheter_mots_descriptifs_indices_accueil
nombres_argent_acheter_mots_descriptifs_indices_accueil,flèche@nombres_argent_acheter_mots_descriptifs_indices_accueil,argent_acheter_mots_descriptifs_indices_accueil
nombres_argent_acheter_mots_descriptifs_indices_accueil_-_2,flèche@nombres_argent_acheter_mots_descriptifs_indices_accueil_-_2,argent_acheter_mots_descriptifs_indices_accueil
ponctuation_nombres_argent_acheter_mots_descriptifs_indices_accueil,flèche@ponctuation_nombres_argent_acheter_mots_descriptifs_indices_accueil,nombres_nombres_argent_acheter_mots_descriptifs_indices_accueil
ponctuation_nombres_argent_acheter_mots_descriptifs_indices_accueil_-_2,flèche@ponctuation_nombres_argent_acheter_mots_descriptifs_indices_accueil_-_2,nombres_argent_acheter_mots_descriptifs_indices_accueil
taille_et_vitesse_acheter_indices_accueil,flèche@taille_et_vitesse_acheter_indices_accueil,acheter_mots_descriptifs_indices_accueil
taille_et_vitesse_acheter_indices_accueil_-_2,flèche@taille_et_vitesse_acheter_indices_accueil_-_2,acheter_mots_descriptifs_indices_accueil
odeurs_mots_descriptifs_indices_accueil,flèche@odeurs_mots_descriptifs_indices_accueil,mots_descriptifs_indices_accueil_-_2
abstrait_mots_descriptifs_indices_accueil,flèche@abstrait_mots_descriptifs_indices_accueil,mots_descriptifs_indices_accueil_-_2
goût_mots_descriptifs_indices_accueil,flèche@goût_mots_descriptifs_indices_accueil,mots_descriptifs_indices_accueil_-_2
goût_mots_descriptifs_indices_accueil_-_2,flèche@goût_mots_descriptifs_indices_accueil_-2,mots_descriptifs_indices_accueil_-_2
sensations_mots_descriptifs_indices_accueil,flèche@sensations_mots_descriptifs_indices_accueil,mots_descriptifs_indices_accueil_-_2
a-z_adjectifs_mots_descriptifs_indices_accueil,flèche@a-z_adjectifs_mots_descriptifs_indices_accueil,mots_descriptifs_indices_accueil_-_2
a-z_adjectifs_mots_descriptifs_indices_accueil_-_2,flèche@a-z_adjectifs_mots_descriptifs_indices_accueil_-2,mots_descriptifs_indices_accueil_-_2
g_adjectifs_mots_descriptifs_indices_accueil,flèche@g_adjectifs_mots_descriptifs_indices_accueil,a-z_adjectifs_mots_descriptifs_indices_accueil
o_adjectifs_mots_descriptifs_indices_accueil,flèche@o_adjectifs_mots_descriptifs_indices_accueil,a-z_adjectifs_mots_descriptifs_indices_accueil
a_adjectifs_mots_descriptifs_indices_accueil,flèche@a_adjectifs_mots_descriptifs_indices_accueil,a-z_adjectifs_mots_descriptifs_indices_accueil
a_adjectifs_mots_descriptifs_indices_accueil_-_2,flèche@a_adjectifs_mots_descriptifs_indices_accueil_-_2,a-z_adjectifs_mots_descriptifs_indices_accueil
h_adjectifs_mots_descriptifs_indices_accueil,flèche@h_adjectifs_mots_descriptifs_indices_accueil,a-z_adjectifs_mots_descriptifs_indices_accueil
p_adjectifs_mots_descriptifs_indices_accueil,flèche@p_adjectifs_mots_descriptifs_indices_accueil,a-z_adjectifs_mots_descriptifs_indices_accueil
p_adjectifs_mots_descriptifs_indices_accueil_-_2,flèche@p_adjectifs_mots_descriptifs_indices_accueil_-_2,a-z_adjectifs_mots_descriptifs_indices_accueil
b_adjectifs_mots_descriptifs_indices_accueil,flèche@b_adjectifs_mots_descriptifs_indices_accueil,a-z_adjectifs_mots_descriptifs_indices_accueil
b_adjectifs_mots_descriptifs_indices_accueil_-_2,flèche@b_adjectifs_mots_descriptifs_indices_accueil_-_2,a-z_adjectifs_mots_descriptifs_indices_accueil
i_adjectifs_mots_descriptifs_indices_accueil,flèche@i_adjectifs_mots_descriptifs_indices_accueil,a-z_adjectifs_mots_descriptifs_indices_accueil
i_adjectifs_mots_descriptifs_indices_accueil_-_2,flèche@i_adjectifs_mots_descriptifs_indices_accueil_-_2,a-z_adjectifs_mots_descriptifs_indices_accueil
q_adjectifs_mots_descriptifs_indices_accueil,flèche@q_adjectifs_mots_descriptifs_indices_accueil,a-z_adjectifs_mots_descriptifs_indices_accueil
c_adjectifs_mots_descriptifs_indices_accueil,flèche@c_adjectifs_mots_descriptifs_indices_accueil,a-z_adjectifs_mots_descriptifs_indices_accueil
c_adjectifs_mots_descriptifs_indices_accueil_-_2,flèche@c_adjectifs_mots_descriptifs_indices_accueil_-_2,a-z_adjectifs_mots_descriptifs_indices_accueil
j_adjectifs_mots_descriptifs_indices_accueil,flèche@j_adjectifs_mots_descriptifs_indices_accueil,a-z_adjectifs_mots_descriptifs_indices_accueil
r_adjectifs_mots_descriptifs_indices_accueil,flèche@r_adjectifs_mots_descriptifs_indices_accueil,a-z_adjectifs_mots_descriptifs_indices_accueil
d_adjectifs_mots_descriptifs_indices_accueil,flèche@d_adjectifs_mots_descriptifs_indices_accueil,a-z_adjectifs_mots_descriptifs_indices_accueil
d_adjectifs_mots_descriptifs_indices_accueil_-_2,flèche@d_adjectifs_mots_descriptifs_indices_accueil_-_2,a-z_adjectifs_mots_descriptifs_indices_accueil
k_adjectifs_mots_descriptifs_indices_accueil,flèche@k_adjectifs_mots_descriptifs_indices_accueil,a-z_adjectifs_mots_descriptifs_indices_accueil
s_adjectifs_mots_descriptifs_indices_accueil,flèche@s_adjectifs_mots_descriptifs_indices_accueil,a-z_adjectifs_mots_descriptifs_indices_accueil
s_adjectifs_mots_descriptifs_indices_accueil_-_2,flèche@s_adjectifs_mots_descriptifs_indices_accueil_-_2,a-z_adjectifs_mots_descriptifs_indices_accueil
e_adjectifs_mots_descriptifs_indices_accueil,flèche@e_adjectifs_mots_descriptifs_indices_accueil,a-z_adjectifs_mots_descriptifs_indices_accueil
e_adjectifs_mots_descriptifs_indices_accueil_-_2,flèche@e_adjectifs_mots_descriptifs_indices_accueil_-_2,a-z_adjectifs_mots_descriptifs_indices_accueil
l_adjectifs_mots_descriptifs_indices_accueil,flèche@l_adjectifs_mots_descriptifs_indices_accueil,a-z_adjectifs_mots_descriptifs_indices_accueil
t_adjectifs_mots_descriptifs_indices_accueil,flèche@t_adjectifs_mots_descriptifs_indices_accueil,a-z_adjectifs_mots_descriptifs_indices_accueil
m_adjectifs_mots_descriptifs_indices_accueil,flèche@m_adjectifs_mots_descriptifs_indices_accueil,a-z_adjectifs_mots_descriptifs_indices_accueil
m_adjectifs_mots_descriptifs_indices_accueil_-_2,flèche@m_adjectifs_mots_descriptifs_indices_accueil_-_2,a-z_adjectifs_mots_descriptifs_indices_accueil
u_adjectifs_mots_descriptifs_indices_accueil,flèche@u_adjectifs_mots_descriptifs_indices_accueil,a-z_adjectifs_mots_descriptifs_indices_accueil
f_adjectifs_mots_descriptifs_indices_accueil,flèche@f_adjectifs_mots_descriptifs_indices_accueil,a-z_adjectifs_mots_descriptifs_indices_accueil
n_adjectifs_mots_descriptifs_indices_accueil,flèche@n_adjectifs_mots_descriptifs_indices_accueil,a-z_adjectifs_mots_descriptifs_indices_accueil
v_adjectifs_mots_descriptifs_indices_accueil,flèche@v_adjectifs_mots_descriptifs_indices_accueil,a-z_adjectifs_mots_descriptifs_indices_accueil
w_adjectifs_mots_descriptifs_indices_accueil,flèche@w_adjectifs_mots_descriptifs_indices_accueil,a-z_adjectifs_mots_descriptifs_indices_accueil
x_adjectifs_mots_descriptifs_indices_accueil,flèche@x_adjectifs_mots_descriptifs_indices_accueil,a-z_adjectifs_mots_descriptifs_indices_accueil
y_adjectifs_mots_descriptifs_indices_accueil,flèche@y_adjectifs_mots_descriptifs_indices_accueil,a-z_adjectifs_mots_descriptifs_indices_accueil
z_adjectifs_mots_descriptifs_indices_accueil,flèche@z_adjectifs_mots_descriptifs_indices_accueil,a-z_adjectifs_mots_descriptifs_indices_accueil
taille_et_vitesse_mots_descriptifs_indices_accueil,flèche@taille_et_vitesse*_mots_descriptifs_indices_accueil,mots_descriptifs_indices_accueil_-_2
taille_et_vitesse_mots_descriptifs_indices_accueil_-_2,flèche@taille_et_vitesse_mots_descriptifs_indices_accueil_-_2,mots_descriptifs_indices_accueil_-_2
lieux_indices_accueil,flèche@lieux_indices_accueil,indices_accueil
lieux_indices_accueil_-_2,flèche@lieux_indices_accueil_-_2,indice_accueil
lieux_indices_accueil_-_3,flèche@lieux_indices_accueil_-_3,indice_accueil
lieux_célèbres_lieux_indices_accueil,flèche@lieux_célèbres_lieux_indices_accueil,lieux_indices_accueil_-_2
lieux_célèbres_lieux_indices_accueil_-_2,flèche@lieux_célèbres_lieux_indices_accueil_-_2,lieux_indices_accueil_-_2
pays_lieux_indices_accueil,flèche@pays_lieux_indices_accueil,lieux_indices_accueil_-_2
pays_lieux_indices_accueil_-_2,flèche@pays_lieux_indices_accueil_-_2,lieux_indices_accueil_-_2
pays_lieux_indices_accueil_-_3,flèche@pays_lieux_indices_accueil_-_3,lieux_indices_accueil_-_2
pays_lieux_indices_accueil_-_4,flèche@pays_lieux_indices_accueil_-_4,lieux_indices_accueil_-_2
pays_lieux_indices_accueil_-_5,flèche@pays_lieux_indices_accueil_-_5,lieux_indices_accueil_-_2